mutant,score
A81D,0.8835415420477659
A81G,0.9324079433959856
A81P,0.862144207742941
A81S,0.9573578484764936
A81T,0.9168969565988035
A81V,0.8724902367633453
D52E,1.110425718240006
D52G,1.0721366995743504
D52H,1.0534673121778846
D52N,1.0859878243142258
D52V,1.1276345816569482
D52Y,1.064380850247446
E80A,0.903319217810324
E80D,0.9817490400671652
E80G,0.9603987746740184
E80K,0.9614576532379148
E80Q,0.9596273533624338
E80V,0.9407144110147924
F74A,0.6334728412127884
F74C,0.7310123153562502
F74D,0.0714119337410585
F74E,0.116136479746008
F74G,0.5651475370273501
F74H,0.8393792349666653
F74I,0.9483239784741676
F74K,0.5502626154496054
F74L,0.8987473590220308
F74M,0.9588067301264472
F74N,0.5878791374509511
F74P,0.6682446498426962
F74Q,0.5908133242649563
F74R,0.6850846885718793
F74S,0.7319472892817945
F74T,0.8546167303344747
F74V,0.9143511865142576
F74W,0.8269134694803184
F74Y,0.9446170556338712
I53M,1.0462079401732751
I53N,0.9990359134259118
I53T,1.1167801611167618
I53V,1.0424257412128832
L48A,1.1563359858855449
L48C,0.6479296255382507
L48D,0.6552827314834383
L48E,0.6765815356271501
L48F,0.9943896628139712
L48G,0.8956405004537699
L48H,0.9311656406572776
L48I,0.618802178702524
L48K,1.1141767442720134
L48M,1.126751082064928
L48N,0.6104540131716863
L48P,0.9308779035579252
L48Q,1.1260272364349064
L48R,1.1076868960124318
L48S,0.7150708833475008
L48T,0.6669626985224644
L48V,0.8224754409286398
L48W,0.8720118684457099
L48Y,0.7490232713693593
L56D,0.9778067141041044
L56M,1.0105025924683055
L56P,1.0478345808562175
L56Q,0.9733439707391324
L56R,0.911238655126408
L56V,1.0343499999304269
R55G,1.0289280181543174
R55L,1.0700089178030605
R55Q,1.036441701549376
R55W,1.032396050238214
R78G,0.9626401332448408
R78L,0.9263363613286966
R78P,0.9631967244923412
R78Q,0.9662116504822008
R78T,0.8512700856185865
R82G,0.95407194803772
R82L,0.9803357258343844
R82P,0.8680062723536082
R82Q,1.0272032067631622
R82W,0.9688256889699004
