mutant,score
D917A,0.489489968
D917E,0.4831500875
D917G,0.480311031
D917H,0.577879145
D917N,1.053950411
D917V,0.195394936
D917Y,0.413866121
L919M,0.649752598
L919P,0.00923688
L919Q,-0.0391920139999999
L919R,-0.006864253
L919V,0.787310629
N915I,0.0882950139999999
N915K,0.3378796245
N915S,0.6017944
N916D,0.94846008
N916H,0.878111924
N916I,0.639258161
N916K,0.929039823
N916S,0.976190867
N916T,0.89113784
P422A,0.994630844
P422L,0.943902168
P422Q,0.98486164
P422R,0.897440294
P422S,1.030976673
P422T,0.959000941
P424A,0.956758459
P424H,0.320818317
P424L,0.961547232
P424R,0.136736421
P424S,0.936562062
P424T,0.948871243
Q421E,1.014541033
Q421H,0.964640008
Q421K,0.966988146
Q421L,1.012798595
Q421P,1.003233926
Q421R,1.007603884
S425A,0.943030175
S425L,0.851332563
S425P,0.684129534
S425T,1.000852013
S425W,0.10893055
S918A,0.0391920140000001
S918C,0.01297504
S918F,0.088817633
S918P,0.029949188
S918T,0.033786899
S918Y,0.105162427
V920L,0.349737131
Y420C,0.836479783
Y420D,0.467523193
Y420F,0.934607507
Y420H,0.962922815
Y420N,0.691882215
Y420S,0.723562856
Y423C,0.936323854
Y423D,0.662412935
Y423F,0.985273503
Y423H,0.890809269
Y423N,0.875586307
Y423S,0.954953895
