mutant,score
D266A,2.40124349574
D266C,1.83818718188
D266E,0.86093066353
D266F,3.05454865106
D266G,0.864025848061
D266H,3.08116580765
D266I,1.79171333093
D266K,1.13788477532
D266L,0.907305261163
D266M,1.09352879961
D266N,1.80292279874
D266P,0.402165979344
D266Q,1.11389363844
D266R,1.64547164894
D266S,2.16359335977
D266T,1.16546536279
D266V,1.94766786803
D266W,3.90146075608
D266Y,3.89146109067
G267A,0.120576126726
G267C,0.0607126195004
G267D,0.00595378718971
G267E,0.00643456626514
G267F,0.0670220937213
G267H,0.0043470085562
G267I,0.00342405539668
G267K,0.00407538712684
G267L,0.00977006063242
G267M,0.0131103160049
G267N,0.0057462076598
G267P,0.00490471616607
G267Q,0.00417937533459
G267R,0.00435243639048
G267S,0.0138843009535
G267T,0.00410704837872
G267V,0.0159886265123
G267W,0.00752123766976
G267Y,0.0137144740659
V265A,0.0619096557142
V265C,0.242237277886
V265D,0.00647208961971
V265E,0.0327191845926
V265F,0.377100728425
V265G,0.00829790573568
V265H,0.0264798489707
V265I,1.4459050863
V265K,0.0201606557734
V265L,1.69016355375
V265M,1.17054988281
V265N,0.0116278958495
V265P,0.00894644046029
V265Q,0.102672417647
V265R,0.0172018642765
V265S,0.0343121087361
V265T,0.246551701455
V265W,0.0103969491584
V265Y,0.0720225131902
V280A,1.37294933339
V280C,1.41393590647
V280D,0.0315419914958
V280E,0.0353071305266
V280F,0.820788193905
V280G,0.265820485664
V280H,0.161839956365
V280I,0.377105030763
V280K,0.007655337403
V280L,0.380472898221
V280M,0.585648853727
V280N,0.225092059946
V280P,0.00755619465913
V280Q,0.124301623761
V280R,0.00616756669599
V280S,0.495759851542
V280T,0.615188984875
V280W,0.699995429038
V280Y,0.0285262579339
